name,domain,da,pa_home,site_url,image_url,kind,recipes_on_punchfork,in_domains,moz_http
Real Simple,realsimple.com,90.0,71.0,https://www.realsimple.com/,https://fastimg1.global.ssl.fastly.net/pub/47/a6/47a6e1c3c54abd664f194c854c200e82_250x250.jpg,website,687,no,402
Better Homes & Gardens,bhg.com,84.0,71.0,https://www.bhg.com/,https://fastimg1.global.ssl.fastly.net/pub/50/a6/50a6fcb28f870684f4186be4c8522bc9_250x250.jpg,website,1215,no,402
TASTE,tastecooking.com,72.0,53.0,https://tastecooking.com/,https://fastimg1.global.ssl.fastly.net/pub/ed/8f/ed8f58356845c2bde8b2db0728c83b8d_250x250.jpg,website,649,no,200
Cookies and Cups,cookiesandcups.com,67.0,59.0,https://cookiesandcups.com/,https://fastimg1.global.ssl.fastly.net/pub/f6/3e/f63e702dbb7f2389ce61ca770d294572_250x250.jpg,blogger,1358,no,200
Oh My Veggies,ohmyveggies.com,67.0,58.0,https://ohmyveggies.com/,https://fastimg1.global.ssl.fastly.net/pub/28/79/2879f887fe2bf4b98a15b228a356a408_250x250.jpg,blogger,1002,no,3
Jessica Gavin,jessicagavin.com,66.0,58.0,https://www.jessicagavin.com/,https://fastimg1.global.ssl.fastly.net/pub/53/af/53af69ba229f30d9accef0ad6b18ffa2_250x250.jpg,blogger,1080,no,200
Table for Two,tablefortwoblog.com,65.0,58.0,https://www.tablefortwoblog.com/,https://fastimg1.global.ssl.fastly.net/pub/95/89/9589520abc1477f984c7f9760131fb36_250x250.jpg,blogger,1176,no,200
Peas and Crayons,peasandcrayons.com,64.0,57.0,https://peasandcrayons.com/,https://fastimg1.global.ssl.fastly.net/pub/30/1a/301af3fe6e2f310ee6ff2539ebd04c12_250x250.jpg,blogger,972,no,15
Taste and Tell,tasteandtellblog.com,63.0,59.0,https://www.tasteandtellblog.com/,https://fastimg1.global.ssl.fastly.net/pub/bd/3a/bd3a37bf42bff426d08a58c1cf0817e9_250x250.jpg,blogger,1664,no,200
A Cozy Kitchen,acozykitchen.com,63.0,56.0,https://www.acozykitchen.com/,https://fastimg1.global.ssl.fastly.net/pub/73/30/73309e36500ccd768b54b22671701d44_250x250.jpg,blogger,658,no,200
Kalyn's Kitchen,kalynskitchen.com,62.0,58.0,https://kalynskitchen.com/,https://fastimg1.global.ssl.fastly.net/pub/47/35/4735f4ec9c9f618bc8cb7a152f4f6443_250x250.jpg,blogger,1056,no,15
Elana's Pantry,elanaspantry.com,62.0,57.0,https://elanaspantry.com/,https://fastimg1.global.ssl.fastly.net/pub/aa/8d/aa8dec965fdfadd392c341f3d138c5ef_250x250.jpg,blogger,538,no,200
Family Fresh Meals,familyfreshmeals.com,61.0,53.0,https://www.familyfreshmeals.com/,https://fastimg1.global.ssl.fastly.net/pub/d4/37/d4374de3d7008ec78d941a56d6250423_250x250.jpg,blogger,1214,no,200
Running to the Kitchen,runningtothekitchen.com,60.0,57.0,https://www.runningtothekitchen.com/,https://fastimg1.global.ssl.fastly.net/pub/56/04/5604ffc032a06b1a3c8dac3b69b9adee_250x250.jpg,blogger,1281,no,5
No Recipes,norecipes.com,60.0,56.0,https://norecipes.com/,https://fastimg1.global.ssl.fastly.net/pub/f8/5c/f85cbe39f5fa85b7f95690cbe9fc1190_250x250.jpg,blogger,301,no,200
Kitchen Sanctuary,kitchensanctuary.com,59.0,52.0,https://www.kitchensanctuary.com/,https://fastimg1.global.ssl.fastly.net/pub/a8/d6/a8d6a8ab9ec8be29dc94a7770dc1db77_250x250.jpg,blogger,959,no,200
Naturally Ella,naturallyella.com,59.0,56.0,https://naturallyella.com/,https://fastimg1.global.ssl.fastly.net/pub/58/df/58df6d57f6352de053763d3920374ba1_250x250.jpg,blogger,769,no,200
Clean Eating,cleaneatingmag.com,58.0,57.0,https://www.cleaneatingmag.com/,https://fastimg1.global.ssl.fastly.net/pub/d2/01/d201a23a36faf5a216dffb3b35e62089_250x250.jpg,website,1576,no,302
An Edible Mosaic,anediblemosaic.com,58.0,55.0,https://www.anediblemosaic.com/,https://fastimg1.global.ssl.fastly.net/pub/2e/2f/2e2f3bff66e7d2be811261f83bbedc55_250x250.jpg,blogger,1251,no,3
A Pretty Life,aprettylifeinthesuburbs.com,58.0,53.0,https://aprettylifeinthesuburbs.com/,https://fastimg1.global.ssl.fastly.net/pub/a1/6b/a16b737c3d6a8b938bb71e2dd2fe652f_250x250.jpg,blogger,811,no,200
Running on Real Food,runningonrealfood.com,58.0,53.0,https://runningonrealfood.com/,https://fastimg1.global.ssl.fastly.net/pub/62/dd/62dd6267d2b082a7270400f95c3d27df_250x250.jpg,blogger,664,no,200
Gimme Delicious,gimmedelicious.com,58.0,56.0,https://gimmedelicious.com/,https://fastimg1.global.ssl.fastly.net/pub/a9/ad/a9adc8e221e41f2127ec439d28904317_250x250.jpg,blogger,655,no,15
Good Life Eats,goodlifeeats.com,58.0,57.0,https://www.goodlifeeats.com/,https://fastimg1.global.ssl.fastly.net/pub/14/1e/141e0921d1c15e4bca6c3cc518255611_250x250.jpg,blogger,523,no,200
Giangi's Kitchen,giangiskitchen.com,58.0,44.0,https://www.giangiskitchen.com/,https://fastimg1.global.ssl.fastly.net/pub/1b/a4/1ba4a1f35c348b2f2e7582bf8686ac52_250x250.jpg,blogger,460,no,403
Supergolden Bakes,supergoldenbakes.com,57.0,53.0,https://www.supergoldenbakes.com/,https://fastimg1.global.ssl.fastly.net/pub/ca/49/ca49f96b8bd47c0c2b9a3a1d4a589278_250x250.jpg,blogger,1146,no,200
Paleo Running Momma,paleorunningmomma.com,57.0,53.0,https://www.paleorunningmomma.com/,https://fastimg1.global.ssl.fastly.net/pub/39/7e/397e7588f77522b46469e317e361df41_250x250.jpg,blogger,1006,no,200
The Real Food Dietitians,therealfooddietitians.com,57.0,50.0,https://therealfooddietitians.com/,https://fastimg1.global.ssl.fastly.net/pub/9a/61/9a6122674265b1a4c6f50de21fd31abf_250x250.jpg,blogger,737,no,200
Bakerita,bakerita.com,57.0,56.0,https://www.bakerita.com/,https://fastimg1.global.ssl.fastly.net/pub/21/f6/21f685a33ec6e98c72b7a3c3b003b985_250x250.jpg,blogger,728,no,200
Easy Cheesy Vegetarian,easycheesyvegetarian.com,57.0,50.0,https://www.easycheesyvegetarian.com/,https://fastimg1.global.ssl.fastly.net/pub/74/e7/74e7a528291dd0add36d67166ce0a999_250x250.jpg,blogger,540,no,200
bell' alimento,bellalimento.com,57.0,50.0,https://bellalimento.com/,https://fastimg1.global.ssl.fastly.net/pub/bb/8f/bb8fb93c6c4ed590e2649a99e28ad26f_250x250.jpg,blogger,323,no,200
40 Aprons,40aprons.com,56.0,57.0,https://40aprons.com/,https://fastimg1.global.ssl.fastly.net/pub/b9/dd/b9dd1c65571d94d980a7bbdce330eb1a_250x250.jpg,blogger,1394,no,200
Chew Out Loud,chewoutloud.com,56.0,54.0,https://www.chewoutloud.com/,https://fastimg1.global.ssl.fastly.net/pub/e3/8a/e38ae6634d1ac314fafd19767b36919e_250x250.jpg,blogger,841,no,200
Homemade Hooplah,homemadehooplah.com,56.0,54.0,https://homemadehooplah.com/,https://fastimg1.global.ssl.fastly.net/pub/02/98/0298d27fb0538535f82736305445c860_250x250.jpg,blogger,758,no,15
Foolproof Living,foolproofliving.com,56.0,54.0,https://foolproofliving.com/,https://fastimg1.global.ssl.fastly.net/pub/54/30/543084773a01384092c64adc2c41ee10_250x250.jpg,blogger,685,no,200
Whole New Mom,wholenewmom.com,56.0,55.0,https://wholenewmom.com/,https://fastimg1.global.ssl.fastly.net/pub/b0/0a/b00a7164f101da30094d790d81cca38c_250x250.jpg,blogger,236,no,15
The Magical Slow Cooker,themagicalslowcooker.com,55.0,51.0,https://www.themagicalslowcooker.com/,https://fastimg1.global.ssl.fastly.net/pub/29/52/2952cefc085064577eface3148144368_250x250.jpg,blogger,867,no,200
Adventures in Cooking,adventuresincooking.com,55.0,47.0,https://adventuresincooking.com/,https://fastimg1.global.ssl.fastly.net/pub/d8/1d/d81d0da1e70048de5eb3b9694cbefc64_250x250.jpg,blogger,515,no,200
Kitchen Konfidence,kitchenkonfidence.com,55.0,53.0,https://www.kitchenkonfidence.com/,https://fastimg1.global.ssl.fastly.net/pub/da/21/da21c381b6191170be9fe8aa2e92ac6d_250x250.jpg,blogger,369,no,200
The Kitchen is My Playground,thekitchenismyplayground.com,55.0,51.0,https://www.thekitchenismyplayground.com/,https://fastimg1.global.ssl.fastly.net/pub/43/8b/438b3b8d5fcaec4472ef0775d1662c22_250x250.jpg,blogger,343,no,200
Amy + Jacky,pressurecookrecipes.com,55.0,52.0,https://www.pressurecookrecipes.com/,https://fastimg1.global.ssl.fastly.net/pub/28/88/28887a040b13f235fcc6e0da5828bc27_250x250.jpg,blogger,320,no,200
Baking Beauty,bakingbeauty.net,54.0,54.0,https://www.bakingbeauty.net/,https://fastimg1.global.ssl.fastly.net/pub/0d/d7/0dd784bceb9d55c6bfb1810352099335_250x250.jpg,blogger,598,no,200
The Curious Plate,thecuriousplate.com,54.0,41.0,https://thecuriousplate.com/,https://fastimg1.global.ssl.fastly.net/pub/22/06/2206f81cb2f5658271fd6fcdeecb5b37_250x250.jpg,blogger,563,no,200
The Bojon Gourmet,bojongourmet.com,54.0,54.0,https://bojongourmet.com/,https://fastimg1.global.ssl.fastly.net/pub/1e/a7/1ea76023c23c15f116a8be1863a08d21_250x250.jpg,blogger,407,no,200
Snappy Gourmet,snappygourmet.com,54.0,52.0,https://snappygourmet.com/,https://fastimg1.global.ssl.fastly.net/pub/2e/bf/2ebf62ac8554acae5a82064d9e7ef8da_250x250.jpg,blogger,149,no,15
To Simply Inspire,tosimplyinspire.com,53.0,48.0,https://www.tosimplyinspire.com/,https://fastimg1.global.ssl.fastly.net/pub/09/a4/09a481cd9324022fbca5e88ef1ceb4b8_250x250.jpg,blogger,832,no,200
Rainbow Plant Life,rainbowplantlife.com,53.0,55.0,https://rainbowplantlife.com/,https://fastimg1.global.ssl.fastly.net/pub/70/3d/703d871e097ab957578c2e783275163f_250x250.jpg,blogger,321,no,200
That Skinny Chick Can Bake,thatskinnychickcanbake.com,52.0,55.0,https://www.thatskinnychickcanbake.com/,https://fastimg1.global.ssl.fastly.net/pub/b2/31/b2315aa3af7d6c3c583ac621ae5bfae9_250x250.jpg,blogger,1149,no,200
Cooking for Keeps,cookingforkeeps.com,52.0,49.0,https://www.cookingforkeeps.com/,https://fastimg1.global.ssl.fastly.net/pub/d4/b0/d4b0e1d6b836bcf69cdb275fcca4a71d_250x250.jpg,blogger,885,no,15
Panning the Globe,panningtheglobe.com,52.0,49.0,https://www.panningtheglobe.com/,https://fastimg1.global.ssl.fastly.net/pub/fd/54/fd54c2afa0ebca1da41cc1a9be1b09d4_250x250.jpg,blogger,369,no,200
Cook Eat Well,cookeatpaleo.com,52.0,51.0,https://cookeatpaleo.com/,https://fastimg1.global.ssl.fastly.net/pub/05/a6/05a6a82be56d1ecd24e2ff1b27b41ea5_250x250.jpg,blogger,238,no,15
Cookie Dough & Oven Mitt,cookiedoughandovenmitt.com,51.0,48.0,https://www.cookiedoughandovenmitt.com/,https://fastimg1.global.ssl.fastly.net/pub/b2/c8/b2c86aa16b2ff242e4a96fdae324fed5_250x250.jpg,blogger,869,no,200
Framed Cooks,framedcooks.com,51.0,52.0,https://www.framedcooks.com/,https://fastimg1.global.ssl.fastly.net/pub/62/13/62133810a48bc453035b4bdeed5b0680_250x250.jpg,blogger,751,no,200
Simply Whisked,simplywhisked.com,51.0,49.0,https://www.simplywhisked.com/,https://fastimg1.global.ssl.fastly.net/pub/30/fc/30fcf5bc0ee41212951266df7d1b8d51_250x250.jpg,blogger,597,no,200
Girl Versus Dough,girlversusdough.com,51.0,53.0,https://www.girlversusdough.com/,https://fastimg1.global.ssl.fastly.net/pub/72/d5/72d53b3364e2f101b447167e93e8a721_250x250.jpg,blogger,523,no,200
Dinner Mom,dinner-mom.com,51.0,49.0,https://www.dinner-mom.com/,https://fastimg1.global.ssl.fastly.net/pub/81/7e/817ed3f2b4355a9eb350ded7e51bdc3e_250x250.jpg,blogger,319,no,200
I Heart Umami,iheartumami.com,50.0,52.0,https://iheartumami.com/,https://fastimg1.global.ssl.fastly.net/pub/a8/c4/a8c48e623fef97c31f04cd455b76c4d1_250x250.jpg,blogger,595,no,200
The Wicked Noodle,thewickednoodle.com,50.0,54.0,https://www.thewickednoodle.com/,https://fastimg1.global.ssl.fastly.net/pub/ec/f4/ecf4d5ec06e00b0fd175f1b7b91db63d_250x250.jpg,blogger,586,no,200
The Little Kitchen,thelittlekitchen.net,50.0,56.0,https://www.thelittlekitchen.net/,https://fastimg1.global.ssl.fastly.net/pub/12/03/1203f50193e7ca32c25963ca02568972_250x250.jpg,blogger,201,no,200
Happy Mothering,happy-mothering.com,50.0,53.0,https://www.happy-mothering.com/,https://fastimg1.global.ssl.fastly.net/pub/ec/b5/ecb5ab4075400a0141040371901cac87_250x250.jpg,blogger,190,no,200
Savor the Best,savorthebest.com,49.0,53.0,https://savorthebest.com/,https://fastimg1.global.ssl.fastly.net/pub/fa/d3/fad31587dfb1dc01cfb178bb6a20b8e0_250x250.jpg,blogger,1591,no,200
The Defined Dish,thedefineddish.com,49.0,51.0,https://thedefineddish.com/,https://fastimg1.global.ssl.fastly.net/pub/3a/ad/3aad71e048e126940eef336de99d4e1a_250x250.jpg,blogger,889,no,200
Fun Money Mom,funmoneymom.com,49.0,51.0,https://funmoneymom.com/,https://fastimg1.global.ssl.fastly.net/pub/93/53/9353eb558bd7657018382c78f4d73c29_250x250.jpg,blogger,661,no,200
Real Food with Jessica,realfoodwithjessica.com,49.0,44.0,https://www.realfoodwithjessica.com/,https://fastimg1.global.ssl.fastly.net/pub/45/6e/456ec2fc3c55e41dc240da3f6fd34ebf_250x250.jpg,blogger,541,no,200
The Little Ferraro Kitchen,littleferrarokitchen.com,49.0,50.0,https://littleferrarokitchen.com/,https://fastimg1.global.ssl.fastly.net/pub/b0/7e/b07e9c69138f1c494bca9e9005ad1a0f_250x250.jpg,blogger,531,no,200
Dizzy Busy and Hungry,dizzybusyandhungry.com,49.0,49.0,https://dizzybusyandhungry.com/,https://fastimg1.global.ssl.fastly.net/pub/be/c3/bec3001e137918c45e805c99d9beab84_250x250.jpg,blogger,514,no,403
Not Enough Cinnamon,notenoughcinnamon.com,49.0,51.0,https://www.notenoughcinnamon.com/,https://fastimg1.global.ssl.fastly.net/pub/a7/68/a768ee2d93d7f22dfc9c74298a8f0605_250x250.jpg,blogger,477,no,200
Killing Thyme,killingthyme.net,49.0,50.0,https://www.killingthyme.net/,https://fastimg1.global.ssl.fastly.net/pub/e0/25/e0258384301775b8c52f1b29eb03ef8d_250x250.jpg,blogger,405,no,403
Gnom-Gnom,gnom-gnom.com,49.0,53.0,https://www.gnom-gnom.com/,https://fastimg1.global.ssl.fastly.net/pub/4d/83/4d83d022142e524f12bcacc73db7189c_250x250.jpg,blogger,330,no,200
Simplistically Living,simplisticallyliving.com,48.0,47.0,https://www.simplisticallyliving.com/,https://fastimg1.global.ssl.fastly.net/pub/82/d4/82d47945b9f4527a7d8ebd1ffef42edd_250x250.jpg,blogger,588,no,403
The Beach House Kitchen,thebeachhousekitchen.com,47.0,48.0,https://thebeachhousekitchen.com/,https://fastimg1.global.ssl.fastly.net/pub/87/73/8773e4b19bd421f012c96951b4b97811_250x250.jpg,blogger,782,no,200
The Honour System,thehonoursystem.com,47.0,47.0,https://thehonoursystem.com/,https://fastimg1.global.ssl.fastly.net/pub/11/c0/11c0a86cf3925e790c211b45f3a2eec3_250x250.jpg,blogger,568,no,15
Delightful Mom Food,delightfulmomfood.com,47.0,48.0,https://delightfulmomfood.com/,https://fastimg1.global.ssl.fastly.net/pub/3e/ad/3ead92f870215b7aad108be4a4adf41a_250x250.jpg,blogger,502,no,2
The Healthy Epicurean,thehealthyepicurean.com,47.0,46.0,https://thehealthyepicurean.com/,https://fastimg1.global.ssl.fastly.net/pub/33/a4/33a4fd2488d185443e5c7a3c2f774ac5_250x250.jpg,blogger,340,no,200
Slimming Eats,slimmingeats.com,46.0,52.0,http://www.slimmingeats.com/,https://fastimg1.global.ssl.fastly.net/pub/9b/01/9b01aea1288f31936dd40924697d9cfd_250x250.jpg,blogger,997,no,301
Butter Your Biscuit,butteryourbiscuit.com,46.0,49.0,https://butteryourbiscuit.com/,https://fastimg1.global.ssl.fastly.net/pub/1b/a9/1ba97b8e2e2cec4b236ac7a1784fd2de_250x250.jpg,blogger,785,no,200
Beyond the Chicken Coop,beyondthechickencoop.com,46.0,50.0,https://www.beyondthechickencoop.com/,https://fastimg1.global.ssl.fastly.net/pub/c3/1c/c31c3ac8df783cb8394eff0c9a179d14_250x250.jpg,blogger,754,no,200
"Life, Love, and Good Food",lifeloveandgoodfood.com,46.0,49.0,https://lifeloveandgoodfood.com/,https://fastimg1.global.ssl.fastly.net/pub/40/ec/40ec733db709fa261d39eecc2e5eb9fd_250x250.jpg,blogger,630,no,3
Sarah's Cucina Bella,sarahscucinabella.com,46.0,51.0,https://sarahscucinabella.com/,https://fastimg1.global.ssl.fastly.net/pub/d6/13/d613147072aa6e2e5e48403594e69b25_250x250.jpg,blogger,529,no,3
Muy Delish,muydelish.com,46.0,44.0,https://www.muydelish.com/,https://fastimg1.global.ssl.fastly.net/pub/64/ad/64adb8d7328e006fe492397c6b087da3_250x250.jpg,blogger,290,no,200
Kitchen Swagger,kitchenswagger.com,46.0,49.0,https://kitchenswagger.com/,https://fastimg1.global.ssl.fastly.net/pub/8f/5f/8f5fb76e43c3d3b6d9f4c38444ff35e1_250x250.jpg,blogger,246,no,200
Veggies Save The Day,veggiessavetheday.com,45.0,50.0,https://www.veggiessavetheday.com/,https://fastimg1.global.ssl.fastly.net/pub/bc/43/bc433cf78869be673446f30befda4f72_250x250.jpg,blogger,261,no,200
Palatable Pastime,palatablepastime.com,44.0,53.0,https://palatablepastime.com/,https://fastimg1.global.ssl.fastly.net/pub/b3/39/b3390140a190032867fe4f91778c3eb5_250x250.jpg,blogger,1072,no,3
Delicious Little Bites,deliciouslittlebites.com,44.0,50.0,https://deliciouslittlebites.com/,https://fastimg1.global.ssl.fastly.net/pub/da/8b/da8bf3d3156c4cf2a1f5c9c34552204e_250x250.jpg,blogger,913,no,200
Food Meanderings,foodmeanderings.com,44.0,49.0,https://foodmeanderings.com/,https://fastimg1.global.ssl.fastly.net/pub/50/66/50664dbef40d770dc80ba816741b59ce_250x250.jpg,blogger,606,no,200
Sidewalk Shoes,sidewalkshoes.com,44.0,51.0,https://www.sidewalkshoes.com/,https://fastimg1.global.ssl.fastly.net/pub/79/9b/799b31dd629eaa72a468b641c9aa25f7_250x250.jpg,blogger,479,no,200
Ministry of Curry,ministryofcurry.com,44.0,51.0,https://ministryofcurry.com/,https://fastimg1.global.ssl.fastly.net/pub/42/c7/42c71a762d13e62466d9276f2e7183f8_250x250.jpg,blogger,463,no,200
Bake It With Love,bakeitwithlove.com,43.0,52.0,https://bakeitwithlove.com/,https://fastimg1.global.ssl.fastly.net/pub/88/fb/88fba12f809236bc9f559079de33e1a6_250x250.jpg,blogger,2160,no,200
Create Mindfully,createmindfully.com,43.0,49.0,https://createmindfully.com/,https://fastimg1.global.ssl.fastly.net/pub/b4/95/b495c33d38bb8a3d49012b4a562aaca0_250x250.jpg,blogger,715,no,200
Southern Kissed,southernkissed.com,43.0,48.0,https://www.southernkissed.com/,https://fastimg1.global.ssl.fastly.net/pub/4d/70/4d70c8043e87c2b54830bfb22da5c818_250x250.jpg,blogger,449,no,200
Of Batter and Dough,ofbatteranddough.com,43.0,48.0,https://ofbatteranddough.com/,https://fastimg1.global.ssl.fastly.net/pub/d0/e0/d0e0d2b0a018150514c52c9c85ea7cb3_250x250.jpg,blogger,314,no,200
Little House Big Alaska,littlehousebigalaska.com,42.0,47.0,https://littlehousebigalaska.com/,https://fastimg1.global.ssl.fastly.net/pub/ef/0d/ef0d10284ccdbdfbe53b64122f61131c_250x250.jpg,blogger,688,no,3
Art From My Table,artfrommytable.com,42.0,45.0,https://www.artfrommytable.com/,https://fastimg1.global.ssl.fastly.net/pub/7a/34/7a345d45c715227e6a027ae0992b6915_250x250.jpg,blogger,234,no,200
Everyday Family Cooking,everydayfamilycooking.com,41.0,45.0,https://www.everydayfamilycooking.com/,https://fastimg1.global.ssl.fastly.net/pub/d5/eb/d5eb9ed61bb6b22fddd8426f204338bd_250x250.jpg,blogger,873,no,200
The Cookin' Chicks,thecookinchicks.com,41.0,47.0,https://thecookinchicks.com/,https://fastimg1.global.ssl.fastly.net/pub/18/52/1852be15bc44487280aac746b4a7a60c_250x250.jpg,blogger,723,no,200
Kristine in Between,kristineinbetween.com,41.0,43.0,https://kristineinbetween.com/,https://fastimg1.global.ssl.fastly.net/pub/26/0c/260c49a492f55beae1a88e7638923a52_250x250.jpg,blogger,239,no,200
All Ways Delicious,allwaysdelicious.com,40.0,47.0,https://allwaysdelicious.com/,https://fastimg1.global.ssl.fastly.net/pub/34/b3/34b304dfec887b4adcb1643ad4c485a8_250x250.jpg,blogger,406,no,3
A Wicked Whisk,awickedwhisk.com,40.0,40.0,https://www.awickedwhisk.com/,https://fastimg1.global.ssl.fastly.net/pub/98/41/9841f180c0ec73d03a53ee1f5ceb6b88_250x250.jpg,blogger,391,no,200
A Well-Seasoned Kitchen,seasonedkitchen.com,40.0,41.0,https://www.seasonedkitchen.com/,https://fastimg1.global.ssl.fastly.net/pub/03/f3/03f30dfd8b5e12c68edd9e8145421f93_250x250.jpg,blogger,390,no,200
Lowcarb-Nocarb,lowcarb-nocarb.com,38.0,46.0,https://www.lowcarb-nocarb.com/,https://fastimg1.global.ssl.fastly.net/pub/06/c3/06c342d591cff01354337ad7f5e634eb_250x250.jpg,blogger,395,no,200
Pups with Chopsticks,pupswithchopsticks.com,38.0,48.0,https://pupswithchopsticks.com/,https://fastimg1.global.ssl.fastly.net/pub/bb/c1/bbc17d634ae5d49eea93e0971531db09_250x250.jpg,blogger,191,no,200
My Goodness Kitchen,mygoodnesskitchen.com,38.0,47.0,https://mygoodnesskitchen.com/,https://fastimg1.global.ssl.fastly.net/pub/94/7a/947a5e988c99222684a6ff223c7c74d0_250x250.jpg,blogger,137,no,15
Barley & Sage,barleyandsage.com,37.0,41.0,https://www.barleyandsage.com/,https://fastimg1.global.ssl.fastly.net/pub/09/ec/09ec6c2a975bc918e4e4e5e44dfabe4b_250x250.jpg,blogger,587,no,200
Southern Food and Fun,southernfoodandfun.com,37.0,45.0,https://southernfoodandfun.com/,https://fastimg1.global.ssl.fastly.net/pub/21/1a/211a1ba7330ccfd1d22b99a7c7725de6_250x250.jpg,blogger,521,no,200
On My Kids Plate,onmykidsplate.com,37.0,45.0,https://onmykidsplate.com/,https://fastimg1.global.ssl.fastly.net/pub/75/82/75827d5684710acb21dca8bf46d878d5_250x250.jpg,blogger,515,no,200
Skinny Spatula,skinnyspatula.com,36.0,47.0,https://skinnyspatula.com/,https://fastimg1.global.ssl.fastly.net/pub/c6/4f/c64f5d637c4bf14d8a86940c4e1be07c_250x250.jpg,blogger,600,no,403
Primal Edge Health,primaledgehealth.com,36.0,45.0,https://www.primaledgehealth.com/,https://fastimg1.global.ssl.fastly.net/pub/d4/d1/d4d14ef3b1414f5150e4edfde5e50d69_250x250.jpg,blogger,299,no,200
Cookin with Mima,cookinwithmima.com,35.0,42.0,https://www.cookinwithmima.com/,https://fastimg1.global.ssl.fastly.net/pub/8b/5d/8b5d624fc1e70b5005d215be42b4ccca_250x250.jpg,blogger,755,no,200
Butter & Baggage,butterandbaggage.com,35.0,38.0,https://www.butterandbaggage.com/,https://fastimg1.global.ssl.fastly.net/pub/ce/71/ce71df1bc3c41f6ca95993136048e93c_250x250.jpg,blogger,738,no,200
Mad Creations,madcreationshub.com,35.0,48.0,https://madcreationshub.com/,https://fastimg1.global.ssl.fastly.net/pub/04/b3/04b341dbd8b83c76ac0cdd6b14c2b05f_250x250.jpg,blogger,356,no,200
Appetizer Addiction,appetizeraddiction.com,35.0,42.0,https://www.appetizeraddiction.com/,https://fastimg1.global.ssl.fastly.net/pub/a5/7c/a57ca39edd0c59226482feb86fff35a9_250x250.jpg,blogger,159,no,200
The Bella Vita,the-bella-vita.com,35.0,39.0,https://www.the-bella-vita.com/,https://fastimg1.global.ssl.fastly.net/pub/9f/d2/9fd27b13429bce736cffd48f69f03e2b_250x250.jpg,blogger,152,no,3
Midwestern HomeLife,midwesternhomelife.com,34.0,39.0,https://midwesternhomelife.com/,https://fastimg1.global.ssl.fastly.net/pub/92/8b/928b639e87866e28dd44cc187c5ab8da_250x250.jpg,blogger,358,no,403
AmyCaseyCooks,amycaseycooks.com,34.0,43.0,https://amycaseycooks.com/,https://fastimg1.global.ssl.fastly.net/pub/d7/00/d70095a61d8fec17d4ff87a343cfe216_250x250.jpg,blogger,280,no,200
Peel with Zeal,peelwithzeal.com,33.0,44.0,https://www.peelwithzeal.com/,https://fastimg1.global.ssl.fastly.net/pub/5b/78/5b78130a231555fbcdf9bedb6f95cc64_250x250.jpg,blogger,564,no,403
Thursday Night Pizza,thursdaynightpizza.com,33.0,40.0,https://www.thursdaynightpizza.com/,https://fastimg1.global.ssl.fastly.net/pub/3f/b6/3fb6795aacd72e29dbd3840fd44f75ca_250x250.jpg,blogger,134,no,200
Bakers Table,bakerstable.net,32.0,43.0,https://bakerstable.net/,https://fastimg1.global.ssl.fastly.net/pub/f8/58/f858f1b8e86ac558a275fb9a1c33104a_250x250.jpg,blogger,619,no,200
Little Bit Recipes,littlebitrecipes.com,32.0,42.0,https://littlebitrecipes.com/,https://fastimg1.global.ssl.fastly.net/pub/4a/c5/4ac530c234a275f7a83bb113dc90139a_250x250.jpg,blogger,413,no,200
With Peanut Butter on Top,withpeanutbutterontop.com,32.0,36.0,https://www.withpeanutbutterontop.com/,https://fastimg1.global.ssl.fastly.net/pub/81/98/81989fdea1b801ddca1a0778aea9645a_250x250.jpg,blogger,215,no,200
Grits and Gouda,gritsandgouda.com,32.0,43.0,https://gritsandgouda.com/,https://fastimg1.global.ssl.fastly.net/pub/62/bc/62bcf8fa98c2bc233bbdb576c6f6993a_250x250.jpg,blogger,172,no,200
Slow Cooker Meals,slowcookermeals.com,30.0,38.0,https://slowcookermeals.com/,https://fastimg1.global.ssl.fastly.net/pub/23/dd/23dd987ab6e2611edeb93f474042434d_250x250.jpg,blogger,299,no,200
Lindsey Eats,lindseyeatsla.com,29.0,44.0,https://lindseyeatsla.com/,https://fastimg1.global.ssl.fastly.net/pub/39/cb/39cbe90c360effbb3dd6dc32d1f50e5b_250x250.jpg,blogger,406,no,200
Cooking in The Keys,cookinginthekeys.com,29.0,37.0,https://cookinginthekeys.com/,https://fastimg1.global.ssl.fastly.net/pub/ff/b0/ffb0cfd73e87178b6f15c824f7b75191_250x250.jpg,blogger,297,no,200
Little Nomads Recipes,littlenomadsrecipes.com,29.0,33.0,https://littlenomadsrecipes.com/,https://fastimg1.global.ssl.fastly.net/pub/fc/af/fcaf86e416681d6fd2ef2ff46beff66c_250x250.jpg,blogger,200,no,0
Little Black Skillet,littleblackskillet.com,29.0,32.0,https://littleblackskillet.com/,https://fastimg1.global.ssl.fastly.net/pub/e0/47/e0477c86e767cbe1b3c05d3fc481a04d_250x250.jpg,blogger,199,no,200
Sweetly Splendid,sweetlysplendid.com,28.0,42.0,https://sweetlysplendid.com/,https://fastimg1.global.ssl.fastly.net/pub/a2/4b/a24b5dfb79ccc2e268b74617272ebe89_250x250.jpg,blogger,399,no,200
The Gluten Free Austrian,theglutenfreeaustrian.com,28.0,41.0,https://theglutenfreeaustrian.com/,https://fastimg1.global.ssl.fastly.net/pub/89/9a/899a47b8c0f6d260a82dc42af2372a2e_250x250.jpg,blogger,387,no,200
The Subversive Table,thesubversivetable.com,28.0,40.0,https://thesubversivetable.com/,https://fastimg1.global.ssl.fastly.net/pub/0c/e8/0ce8e11ed03292a4961e9eb821370355_250x250.jpg,blogger,209,no,200
Sinful Kitchen,sinfulkitchen.com,26.0,40.0,https://sinfulkitchen.com/,https://fastimg1.global.ssl.fastly.net/pub/6d/eb/6deb9ed036d403ef298abd96345ed0b8_250x250.jpg,blogger,149,no,200
Sloane's Table,atsloanestable.com,25.0,37.0,https://atsloanestable.com/,https://fastimg1.global.ssl.fastly.net/pub/e8/72/e872bdcb5152dbdb85e8f2672dab32f4_250x250.jpg,blogger,304,no,200
The Cooking Duo,thecookingduo.com,25.0,31.0,https://www.thecookingduo.com/,https://fastimg1.global.ssl.fastly.net/pub/c4/81/c481673f455ae6d77adafc2f2ae81ca6_250x250.jpg,blogger,291,no,403
Farmhouse Harvest,farmhouseharvest.net,24.0,42.0,https://farmhouseharvest.net/,https://fastimg1.global.ssl.fastly.net/pub/18/07/1807bd26c343385665ffb221d6baf91e_250x250.jpg,blogger,317,no,200
Umamiology,umamiology.com,24.0,31.0,https://umamiology.com/,https://fastimg1.global.ssl.fastly.net/pub/14/3e/143e916bc7a1330d0c97eee551a62711_250x250.jpg,blogger,143,no,0
My Life After Dairy,mylifeafterdairy.com,21.0,35.0,https://mylifeafterdairy.com/,https://fastimg1.global.ssl.fastly.net/pub/25/50/2550ed794b0c6685ae11792b22c34aaf_250x250.jpg,blogger,327,no,406
Eat Dessert Snack,eatdessertsnack.com,21.0,37.0,https://eatdessertsnack.com/,https://fastimg1.global.ssl.fastly.net/pub/2f/4d/2f4d80c62b116c78773c940fffd079d5_250x250.jpg,blogger,210,no,200
Wanderzest,wanderzestblog.com,20.0,42.0,https://wanderzestblog.com/,https://fastimg1.global.ssl.fastly.net/pub/dd/f8/ddf8ff4e00fc51fd7dfadd770440dc9b_250x250.jpg,blogger,136,no,200
Food Network,foodnetwork.com,92.0,,https://www.foodnetwork.com/,https://fastimg1.global.ssl.fastly.net/pub/d8/00/d800f536269e6f1c3c22f37add606328_250x250.jpg,website,37656,yes,
Allrecipes,allrecipes.com,92.0,,https://www.allrecipes.com/,https://fastimg1.global.ssl.fastly.net/pub/e2/28/e228c37056dad4baaaf5c3db18c96235_250x250.jpg,website,25052,yes,
Martha Stewart,marthastewart.com,92.0,,https://www.marthastewart.com/,https://fastimg1.global.ssl.fastly.net/pub/21/16/211673284134cb2133a846d672cc89fc_250x250.jpg,website,3253,yes,
Serious Eats,seriouseats.com,89.0,,https://www.seriouseats.com/,https://fastimg1.global.ssl.fastly.net/pub/47/ad/47ad9295f0de2b6d6f4e9b946080fc1b_250x250.jpg,website,3159,yes,
Epicurious,epicurious.com,88.0,,https://www.epicurious.com/,https://fastimg1.global.ssl.fastly.net/pub/d4/ec/d4ecd20601a687f52226f180764c1a4a_250x250.jpg,website,6955,yes,
Bon Appétit,bonappetit.com,88.0,,https://www.bonappetit.com/,https://fastimg1.global.ssl.fastly.net/pub/9a/fd/9afd1c11f84d9bcbc46f11ff8ddd69a2_250x250.jpg,website,5987,yes,
Food & Wine Magazine,foodandwine.com,87.0,,https://www.foodandwine.com/,https://fastimg1.global.ssl.fastly.net/pub/4e/13/4e138370e6e13d8caff366306d831535_250x250.jpg,website,4659,yes,
Simply Recipes,simplyrecipes.com,87.0,,https://www.simplyrecipes.com/,https://fastimg1.global.ssl.fastly.net/pub/a1/01/a1016f581118769403d01b839f16068d_250x250.jpg,website,3382,yes,
Food52,food52.com,86.0,,https://food52.com/,https://fastimg1.global.ssl.fastly.net/pub/21/da/21daaad75103668495e59f56dcb4c95f_250x250.jpg,website,10501,yes,
Delish,delish.com,85.0,,https://www.delish.com/,https://fastimg1.global.ssl.fastly.net/pub/59/69/5969c509a39a89a481711e86e9405619_250x250.jpg,website,6814,yes,
Taste of Home,tasteofhome.com,84.0,,https://www.tasteofhome.com/,https://fastimg1.global.ssl.fastly.net/pub/4a/76/4a764d40b7cc97090a0da568de0c267d_250x250.jpg,website,11561,yes,
Southern Living,southernliving.com,83.0,,https://www.southernliving.com/,https://fastimg1.global.ssl.fastly.net/pub/c8/ac/c8acc6b8f7bd27733ce15ed93dc0ccd1_250x250.jpg,website,2164,yes,
The Pioneer Woman,thepioneerwoman.com,82.0,,https://www.thepioneerwoman.com/,https://fastimg1.global.ssl.fastly.net/pub/38/74/3874237045fce7d284173d3e73933d72_250x250.jpg,website,2896,yes,
Minimalist Baker,minimalistbaker.com,82.0,,https://minimalistbaker.com/,https://fastimg1.global.ssl.fastly.net/pub/c9/7f/c97fe43747fe759a957fc7a54ab91a4f_250x250.jpg,blogger,1694,yes,
Smitten Kitchen,smittenkitchen.com,80.0,,https://smittenkitchen.com/,https://fastimg1.global.ssl.fastly.net/pub/5f/c0/5fc00bc654439e6afcbba0f1561cf34a_250x250.jpg,blogger,498,yes,
Joy the Baker,joythebaker.com,78.0,,https://joythebaker.com/,https://fastimg1.global.ssl.fastly.net/pub/84/d6/84d6dde382774853b510227bcd9c035f_250x250.jpg,blogger,411,yes,
The Spruce Eats,thespruceeats.com,77.0,,https://www.thespruceeats.com/,https://fastimg1.global.ssl.fastly.net/pub/af/ce/afceb9cfb0e2b6d718950ccce737f2bf_250x250.jpg,website,4545,yes,
EatingWell,eatingwell.com,77.0,,https://www.eatingwell.com/,https://fastimg1.global.ssl.fastly.net/pub/61/af/61af3b5bb31bfda83f965397fe0b61b4_250x250.jpg,website,4484,yes,
King Arthur Baking,kingarthurbaking.com,77.0,,https://www.kingarthurbaking.com/,https://fastimg1.global.ssl.fastly.net/pub/fe/d7/fed7e1a6d2f5819463f5cd85cf9f98ee_250x250.jpg,website,1816,yes,
RecipeTin Eats,recipetineats.com,75.0,,https://www.recipetineats.com/,https://fastimg1.global.ssl.fastly.net/pub/c6/de/c6de2259cece3315aacd7b4d34102655_250x250.jpg,blogger,1481,yes,
Foodiecrush,foodiecrush.com,75.0,,https://www.foodiecrush.com/,https://fastimg1.global.ssl.fastly.net/pub/76/0f/760f1afcea96e9639fc600e2eca79512_250x250.jpg,blogger,1173,yes,
Pinch of Yum,pinchofyum.com,74.0,,https://pinchofyum.com/,https://fastimg1.global.ssl.fastly.net/pub/8e/57/8e57a8c57b166e26a5ce414705524cdc_250x250.jpg,blogger,1147,yes,
Skinnytaste,skinnytaste.com,73.0,,https://www.skinnytaste.com/,https://fastimg1.global.ssl.fastly.net/pub/82/40/82403b7b97fdef2e9801d31c82616605_250x250.jpg,blogger,2094,yes,
A Couple Cooks,acouplecooks.com,73.0,,https://www.acouplecooks.com/,https://fastimg1.global.ssl.fastly.net/pub/da/2f/da2f8af2d5011eacaee40d46a0fe8dc8_250x250.jpg,blogger,2089,yes,
Cooking Classy,cookingclassy.com,73.0,,https://www.cookingclassy.com/,https://fastimg1.global.ssl.fastly.net/pub/ed/df/eddfe960fa0d55f55498a54e19a8f1a8_250x250.jpg,blogger,1401,yes,
Steamy Kitchen,steamykitchen.com,73.0,,https://steamykitchen.com/,https://fastimg1.global.ssl.fastly.net/pub/f3/e8/f3e8869dc8b3cb9bd735f4701c52c416_250x250.jpg,blogger,385,yes,
Half Baked Harvest,halfbakedharvest.com,72.0,,https://www.halfbakedharvest.com/,https://fastimg1.global.ssl.fastly.net/pub/84/d4/84d4353174677c5bf98d4d69dafc9b19_250x250.jpg,blogger,3462,yes,
Cookie and Kate,cookieandkate.com,72.0,,https://cookieandkate.com/,https://fastimg1.global.ssl.fastly.net/pub/3b/e8/3be83d061774547a480b76e241cdf833_250x250.jpg,blogger,841,yes,
Spoon Fork Bacon,spoonforkbacon.com,72.0,,https://www.spoonforkbacon.com/,https://fastimg1.global.ssl.fastly.net/pub/e5/91/e591e5187e5f84eafe0d5259d9141237_250x250.jpg,blogger,826,yes,
101 Cookbooks,101cookbooks.com,72.0,,https://www.101cookbooks.com/,https://fastimg1.global.ssl.fastly.net/pub/4d/30/4d30d59d98513a275e3d2cd0e42504aa_250x250.jpg,blogger,496,yes,
The Recipe Critic,therecipecritic.com,71.0,,https://therecipecritic.com/,https://fastimg1.global.ssl.fastly.net/pub/53/59/535919fbe64680d4340cdbbba8defc16_250x250.jpg,blogger,3329,yes,
Gimme Some Oven,gimmesomeoven.com,71.0,,https://www.gimmesomeoven.com/,https://fastimg1.global.ssl.fastly.net/pub/ce/4b/ce4b4a79b6bd8e9723ff37da1a84c709_250x250.jpg,blogger,1207,yes,
What's Gaby Cooking,whatsgabycooking.com,71.0,,https://whatsgabycooking.com/,https://fastimg1.global.ssl.fastly.net/pub/5d/12/5d12c93f68b771877928648da611ce5a_250x250.jpg,blogger,1188,yes,
Just One Cookbook,justonecookbook.com,71.0,,https://www.justonecookbook.com/,https://fastimg1.global.ssl.fastly.net/pub/e2/de/e2de14e99b30225814041560e200e07e_250x250.jpg,blogger,981,yes,
How Sweet Eats,howsweeteats.com,70.0,,https://www.howsweeteats.com/,https://fastimg1.global.ssl.fastly.net/pub/40/aa/40aa1547d5b400cb3cd4fb5eecde3b4b_250x250.jpg,blogger,2679,yes,
"Life, Love and Sugar",lifeloveandsugar.com,70.0,,https://www.lifeloveandsugar.com/,https://fastimg1.global.ssl.fastly.net/pub/2e/82/2e825af04043f05ad08b2dd536a737a1_250x250.jpg,blogger,1058,yes,
Natasha's Kitchen,natashaskitchen.com,69.0,,https://natashaskitchen.com/,https://fastimg1.global.ssl.fastly.net/pub/b6/df/b6df17088132160d28a6b9eae3440220_250x250.jpg,blogger,1153,yes,
Love and Lemons,loveandlemons.com,68.0,,https://www.loveandlemons.com/,https://fastimg1.global.ssl.fastly.net/pub/85/0e/850efd2c8ba17f8cac2122c4fb29b15b_250x250.jpg,blogger,1431,yes,
The Mediterranean Dish,themediterraneandish.com,67.0,,https://www.themediterraneandish.com/,https://fastimg1.global.ssl.fastly.net/pub/2f/bc/2fbce1305ef51e50ae3905f74fd05be2_250x250.jpg,blogger,1280,yes,
Cafe Delites,cafedelites.com,67.0,,https://cafedelites.com/,https://fastimg1.global.ssl.fastly.net/pub/d1/eb/d1eb4915e48d142e9a24bc01e0952b4d_250x250.jpg,blogger,738,yes,
Jo Cooks,jocooks.com,65.0,,https://www.jocooks.com/,https://fastimg1.global.ssl.fastly.net/pub/ca/f0/caf0c239a515a6ccf78a3035adc8c818_250x250.jpg,blogger,1866,yes,
My Baking Addiction,mybakingaddiction.com,65.0,,https://www.mybakingaddiction.com/,https://fastimg1.global.ssl.fastly.net/pub/60/4d/604dad62b6a00014d82a53781834d626_250x250.jpg,blogger,1061,yes,
Once Upon a Chef,onceuponachef.com,65.0,,https://www.onceuponachef.com/,https://fastimg1.global.ssl.fastly.net/pub/c3/6f/c36f91ec018f46b88b991bba2edc7758_250x250.jpg,blogger,946,yes,
Baker by Nature,bakerbynature.com,65.0,,https://bakerbynature.com/,https://fastimg1.global.ssl.fastly.net/pub/8b/8c/8b8c7eff1cbeb97dde98307be12f3fe3_250x250.jpg,blogger,908,yes,
Handle the Heat,handletheheat.com,65.0,,https://handletheheat.com/,https://fastimg1.global.ssl.fastly.net/pub/a5/1c/a51c1024e865d79c48a4d3b9e81f13f1_250x250.jpg,blogger,564,yes,
A Spicy Perspective,aspicyperspective.com,64.0,,https://www.aspicyperspective.com/,https://fastimg1.global.ssl.fastly.net/pub/6e/25/6e2511359f2e1237fce0057d974f681b_250x250.jpg,blogger,1291,yes,
Tastes Better from Scratch,tastesbetterfromscratch.com,64.0,,https://tastesbetterfromscratch.com/,https://fastimg1.global.ssl.fastly.net/pub/37/0b/370b9ca0106ed7ad50422dcfe07238c6_250x250.jpg,blogger,1034,yes,
Barefoot Contessa,barefootcontessa.com,64.0,,https://barefootcontessa.com/,https://fastimg1.global.ssl.fastly.net/pub/37/71/37714686c752f41f711b0acb2bcc4a4f_250x250.jpg,website,353,yes,
Add a Pinch,addapinch.com,63.0,,https://addapinch.com/,https://fastimg1.global.ssl.fastly.net/pub/9e/5e/9e5ed0dd00531a11600d481acb46572a_250x250.jpg,blogger,1259,yes,
Dinner then Dessert,dinnerthendessert.com,62.0,,https://dinnerthendessert.com/,https://fastimg1.global.ssl.fastly.net/pub/98/85/98858415040d97082dc0e411365afafd_250x250.jpg,blogger,3332,yes,
The Country Cook,thecountrycook.net,62.0,,https://www.thecountrycook.net/,https://fastimg1.global.ssl.fastly.net/pub/b2/c7/b2c7d46b07f7f612fa19c67cfef1b3a4_250x250.jpg,blogger,2332,yes,
The Endless Meal,theendlessmeal.com,62.0,,https://www.theendlessmeal.com/,https://fastimg1.global.ssl.fastly.net/pub/64/26/642669e654012828e4ae04184102be2f_250x250.jpg,blogger,1347,yes,
The Seasoned Mom,theseasonedmom.com,61.0,,https://www.theseasonedmom.com/,https://fastimg1.global.ssl.fastly.net/pub/05/7c/057cb110a0cb0ac3ee7e8d6a6dff3836_250x250.jpg,blogger,1683,yes,
A Beautiful Plate,abeautifulplate.com,61.0,,https://www.abeautifulplate.com/,https://fastimg1.global.ssl.fastly.net/pub/7a/69/7a69aef5674bf50e7ae663dd94dab3a6_250x250.jpg,blogger,467,yes,
Primavera Kitchen,primaverakitchen.com,58.0,,https://www.primaverakitchen.com/,https://fastimg1.global.ssl.fastly.net/pub/a2/44/a244358c69e1cc5fa7f256c4a0c6ea59_250x250.jpg,blogger,612,yes,
The Modern Proper,themodernproper.com,56.0,,https://themodernproper.com/,https://fastimg1.global.ssl.fastly.net/pub/10/2a/102a0ab9286f206b36e4e6a6ec3a4564_250x250.jpg,blogger,1033,yes,
An Italian in my Kitchen,anitalianinmykitchen.com,54.0,,https://anitalianinmykitchen.com/,https://fastimg1.global.ssl.fastly.net/pub/ea/14/ea142c5d2323a6f283c0c207b72ec33a_250x250.jpg,blogger,1230,yes,
Cook with Manali,cookwithmanali.com,53.0,,https://www.cookwithmanali.com/,https://fastimg1.global.ssl.fastly.net/pub/d3/18/d3186772b4282b483c021ae0a0b873a1_250x250.jpg,blogger,1066,yes,
The Salty Marshmallow,thesaltymarshmallow.com,51.0,,https://thesaltymarshmallow.com/,https://fastimg1.global.ssl.fastly.net/pub/f2/ae/f2aecfa7fa32ddde959335eff3fe9bde_250x250.jpg,blogger,875,yes,
Fox and Briar,foxandbriar.com,50.0,,https://www.foxandbriar.com/,https://fastimg1.global.ssl.fastly.net/pub/08/aa/08aa0e00bea9667f889c4af75567e581_250x250.jpg,blogger,466,yes,
Inquiring Chef,inquiringchef.com,49.0,,https://inquiringchef.com/,https://fastimg1.global.ssl.fastly.net/pub/4d/0e/4d0e5ad18f9f9f10a7d4ae09956b8a02_250x250.jpg,blogger,709,yes,
Healthy Fitness Meals,healthyfitnessmeals.com,47.0,,https://healthyfitnessmeals.com/,https://fastimg1.global.ssl.fastly.net/pub/03/c4/03c4f2bac077c4554c4d0abda1304c0e_250x250.jpg,blogger,1476,yes,
Cloudy Kitchen,cloudykitchen.com,44.0,,https://cloudykitchen.com/,https://fastimg1.global.ssl.fastly.net/pub/2b/a1/2ba166be860e7f060597cc5667802f06_250x250.jpg,blogger,392,yes,
The Fresh Cooky,thefreshcooky.com,36.0,,https://www.thefreshcooky.com/,https://fastimg1.global.ssl.fastly.net/pub/02/9b/029bfd8f981a99d70a813d854a0a923f_250x250.jpg,blogger,751,yes,
